,Start_Year,AOO
0,2007,0.23318385650224216
1,2008,0.10096153846153846
2,2009,0.215962441314554
3,2010,0.052083333333333336
4,2011,0.14
5,2012,0.10606060606060606
