,Start_Year,AOO
0,2007,0.14470284237726097
1,2008,0.06504065040650407
2,2009,0.09308510638297872
3,2010,0.10317460317460317
4,2011,0.0891891891891892
5,2012,0.11286089238845144
